ID,Number of observations,Dose 1 in mg,Dose 2 in mg,Dose 3 in mg,Dose 4 in mg,Dose 5 in mg,Dose 6 in mg,Dose 7 in mg,Dose 8 in mg,Dose 9 in mg,Dose 10 in mg,Dose 11 in mg,Dose 12 in mg,Dose 13 in mg,Dose 14 in mg,Dose 15 in mg,Dose 16 in mg,Dose 17 in mg,Dose 18 in mg,Dose 19 in mg,Mean,Std.,Rhat,INR
13,1,25.0,0.0,1.0,3.0,5.0,2.0,4.5,4.5,4.5,4.5,4.5,4.5,4.5,4.5,4.5,4.5,4.5,4.5,4.5,2.0179584145604945,0.517417978178639,1.0065663356256622,1.1697129837531597
13,2,25.0,0.0,0.0,1.0,3.5,4.0,3.0,3.0,3.0,3.0,3.0,3.0,3.0,3.0,3.0,3.0,3.0,3.0,3.0,1.7126399349386894,0.4191025935869203,1.0106827401669205,2.723807405308324
13,3,25.0,0.0,0.0,0.0,2.0,2.0,3.0,3.0,3.0,3.0,3.0,3.0,3.0,3.0,3.0,3.0,3.0,3.0,3.0,1.4621519732901391,0.2623613473045915,1.0125731078729543,3.963541931722602
13,4,25.0,0.0,0.0,1.0,1.0,3.0,2.5,2.5,2.5,2.5,2.5,2.5,2.5,2.5,2.5,2.5,2.5,2.5,2.5,1.3974927290496344,0.211509113512965,1.0065741166442788,3.4576251636490047
13,5,25.0,0.0,0.0,1.0,2.5,2.5,3.0,3.0,3.0,3.0,3.0,3.0,3.0,3.0,3.0,3.0,3.0,3.0,3.0,1.5537910583314425,0.2075271731675075,1.0084812076370109,1.9014001635632587
13,6,25.0,0.0,0.0,1.0,2.5,1.0,3.0,3.0,3.0,3.0,3.0,3.0,3.0,3.0,3.0,3.0,3.0,3.0,3.0,1.490585491356314,0.1893330425972672,1.005680442286855,3.00875111770493
13,7,25.0,0.0,0.0,1.0,2.5,1.0,3.0,3.0,3.0,3.0,3.0,3.0,3.0,3.0,3.0,3.0,3.0,3.0,3.0,1.4943233056371434,0.1754419322100418,1.0085281171983798,2.3131301575854235
